id,order,smoothing,gamma,fraction,train_tokens,train_seconds_median,train_seconds_min,train_seconds_max,peak_rss_mb_max,model_mb,dev_ppl,test_ppl,test_zero_events
wb_n1,1,witten_bell,,1.0,280200,1.1165798000001814,1.1030031999998755,1.166313400000945,81.453125,0.2806081771850586,797.8664484080942,725.5828692282618,0
wb_n2,2,witten_bell,,1.0,280200,2.7260089999999764,2.3217777000008937,2.784703299999819,90.5859375,1.7606258392333984,275.81911037196744,313.12181259489057,0
wb_n3,3,witten_bell,,1.0,280200,5.179717499999242,4.948026100000789,5.236708599999474,176.4375,6.631138801574707,263.20798067057234,337.4921602524044,0
wb_n4,4,witten_bell,,1.0,280200,7.938874100000248,7.739336200000253,8.133336599999893,321.5859375,14.690315246582031,281.0610042068292,372.0043133795481,0
mle_n3,3,mle,,1.0,280200,5.024911399999837,4.6170560999999,5.149962400000732,176.5078125,6.6310577392578125,inf,inf,26652
lid_n3_g0.01,3,lidstone,0.01,1.0,280200,5.293962499999907,5.26760380000087,5.49578769999971,176.2421875,6.631078720092773,2546.308202414486,3057.577895699219,0
lid_n3_g0.1,3,lidstone,0.1,1.0,280200,5.287177899999733,3.487498099999357,5.389998200000264,176.48046875,6.631078720092773,4078.16701890031,4452.131319140146,0
lid_n3_g1,3,lidstone,1.0,1.0,280200,5.210187200000291,4.858302299999195,5.390508999998929,176.34375,6.631078720092773,7018.951817627694,7159.881164996083,0
lid_n3_g0.1_f0.25,3,lidstone,0.1,0.25,64809,1.088577799999257,1.084800599999653,1.1205397999983688,91.83984375,2.0754880905151367,7016.977777013779,6899.8540207079295,0
lid_n3_g0.1_f0.5,3,lidstone,0.1,0.5,142478,2.4371546000002127,2.4105321999995795,2.8169075999994675,125.09765625,3.9021148681640625,5553.357878485126,5582.789863973719,0
